{
	"pages": [ //pages数组中第一项表示应用启动页，参考：https://uniapp.dcloud.io/collocation/pages
		{
            "path" : "pages/tabbar/index/index",
            "style" :                                                                                    
            {
                "enablePullDownRefresh": false,
				"navigationStyle":"custom"
            }
            
        }
        ,{
            "path" : "pages/tabbar/classfly/classfly",
            "style" :                                                                                    
            {
                "enablePullDownRefresh": false,
				"navigationBarTitleText":"分类",
				"navigationBarBackgroundColor":"#00b783",
				"navigationBarTextStyle":"white"
            }
            
        }
        ,{
            "path" : "pages/tabbar/study/study",
            "style" :                                                                                    
            {
                "enablePullDownRefresh": false,
				"navigationBarTitleText":"学习",
				"navigationBarBackgroundColor":"#00b783",
				"navigationBarTextStyle":"white"
            }
            
        }
        ,{
            "path" : "pages/tabbar/mine/mine",
            "style" :                                                                                    
            {
                "enablePullDownRefresh": false,
				"navigationBarTitleText":"我的",
				"navigationBarBackgroundColor":"#00b783",
				"navigationBarTextStyle":"white"
            }
            
        }
        ,{
            "path" : "pages/course/courseIntroduce/courseIntroduce",
            "style" :                                                                                    
            {
                "navigationBarTitleText": "课程介绍",
                "enablePullDownRefresh": false,
				"navigationBarBackgroundColor":"#0c9c8f",
				"navigationBarTextStyle":"white"
            }
            
        }
        ,{
            "path" : "pages/course/player/player",
            "style" :                                                                                    
            {
                "navigationBarTitleText": "播放页面",
                "enablePullDownRefresh": false,
				"navigationBarBackgroundColor":"#0c9c8f",
				"navigationBarTextStyle":"white"
            }
            
        }
    ],
	"globalStyle": {
		"navigationBarTextStyle": "black",
		"navigationBarTitleText": "uni-app",
		"navigationBarBackgroundColor": "#F8F8F8",
		"backgroundColor": "#F8F8F8"
	},
	"tabBar":{
		"color":"#999",
		"selectedColor":"#00b783",
		"borderStyle":"white",
		"backgroundColor":"#ffffff",
		"list":[
			{
				"pagePath":"pages/tabbar/index/index",
				"iconPath":"static/tabar1.png",
				"selectedIconPath":"static/tabaron1.png",
				"text":"首页"
			},
			{
				"pagePath":"pages/tabbar/classfly/classfly",
				"iconPath":"static/tabar2.png",
				"selectedIconPath":"static/tabaron2.png",
				"text":"分类"
			},
			{
				"pagePath":"pages/tabbar/study/study",
				"iconPath":"static/tabar3.png",
				"selectedIconPath":"static/tabaron3.png",
				"text":"学习"
			},
			{
				"pagePath":"pages/tabbar/mine/mine",
				"iconPath":"static/tabar4.png",
				"selectedIconPath":"static/tabaron4.png",
				"text":"我的"
			}
		]
	},
	"condition" : { //模式配置，仅开发期间生效
		"current": 0, //当前激活的模式(list 的索引项)
		"list": [
			{
				"name": "", //模式名称
				"path": "", //启动页面，必选
				"query": "" //启动参数，在页面的onLoad函数里面得到
			}
		]
	}
}
